Score,Composer
083.musicxml,Johann Sebastian Bach
008.musicxml,Maurice Ravel
292.musicxml,Wolfgang Amadeus Mozart
169.musicxml,Wolfgang Amadeus Mozart
218.musicxml,Ludwig van Beethoven
223.musicxml,Franz Liszt
280.musicxml,Wolfgang Amadeus Mozart
285.musicxml,Ludwig van Beethoven
036.musicxml,Claude Debussy
174.musicxml,Wolfgang Amadeus Mozart
052.musicxml,Ludwig van Beethoven
160.musicxml,Ludwig van Beethoven
220.musicxml,Ludwig van Beethoven
248.musicxml,Wolfgang Amadeus Mozart
203.musicxml,Ludwig van Beethoven
006.musicxml,Ludwig van Beethoven
137.musicxml,Ludwig van Beethoven
054.musicxml,Ludwig van Beethoven
021.musicxml,Ludwig van Beethoven
070.musicxml,Johann Sebastian Bach
082.musicxml,Johann Sebastian Bach
066.musicxml,Johann Sebastian Bach
037.musicxml,Franz Liszt
216.musicxml,Ludwig van Beethoven
283.musicxml,Wolfgang Amadeus Mozart
207.musicxml,Ludwig van Beethoven
015.musicxml,Franz Liszt
170.musicxml,Ludwig van Beethoven
133.musicxml,Ludwig van Beethoven
194.musicxml,Ludwig van Beethoven
235.musicxml,Ludwig van Beethoven
101.musicxml,Johann Sebastian Bach
096.musicxml,Johann Sebastian Bach
294.musicxml,Wolfgang Amadeus Mozart
178.musicxml,Ludwig van Beethoven
080.musicxml,Johann Sebastian Bach
197.musicxml,Ludwig van Beethoven
240.musicxml,Ludwig van Beethoven
140.musicxml,Ludwig van Beethoven
262.musicxml,Wolfgang Amadeus Mozart
271.musicxml,Wolfgang Amadeus Mozart
277.musicxml,Wolfgang Amadeus Mozart
224.musicxml,Franz Liszt
252.musicxml,Ludwig van Beethoven
050.musicxml,Ludwig van Beethoven
246.musicxml,Ludwig van Beethoven
156.musicxml,Ludwig van Beethoven
061.musicxml,Ludwig van Beethoven
100.musicxml,Johann Sebastian Bach
151.musicxml,Ludwig van Beethoven
115.musicxml,Johann Sebastian Bach
301.musicxml,Wolfgang Amadeus Mozart
067.musicxml,Johann Sebastian Bach
274.musicxml,Wolfgang Amadeus Mozart
116.musicxml,Johann Sebastian Bach
019.musicxml,Ludwig van Beethoven
026.musicxml,Franz Liszt
157.musicxml,Ludwig van Beethoven
103.musicxml,Johann Sebastian Bach
177.musicxml,Ludwig van Beethoven
119.musicxml,Johann Sebastian Bach
196.musicxml,Ludwig van Beethoven
